date_time,secs_from_start,vis_ring,snd_playing,mri_vol,event_type
2016-03-09-10:31:32.922,000.004,none,silence,1,new_mri_vol
2016-03-09-10:31:32.929,000.011,0,silence,1,ring_off
2016-03-09-10:31:32.939,000.021,0,silence,1,sound_off
2016-03-09-10:31:34.924,002.006,0,silence,2,new_mri_vol
2016-03-09-10:31:36.921,004.003,0,silence,3,new_mri_vol
2016-03-09-10:31:38.921,006.003,0,silence,4,new_mri_vol
2016-03-09-10:31:40.923,008.005,0,silence,5,new_mri_vol
2016-03-09-10:31:42.925,010.007,0,silence,6,new_mri_vol
2016-03-09-10:31:43.354,010.436,0,wav/900/norm/900-neu-din-b.wav,6,sound_on
2016-03-09-10:31:44.940,012.022,0,wav/900/norm/900-neu-din-b.wav,7,new_mri_vol
2016-03-09-10:31:45.410,012.492,1,wav/900/norm/900-neu-din-b.wav,7,ring_on
2016-03-09-10:31:45.898,012.980,1,wav/900/norm/900-neu-din-b.wav,7,keypress
2016-03-09-10:31:46.393,013.475,0,wav/900/norm/900-neu-din-b.wav,7,ring_off
2016-03-09-10:31:46.925,014.007,0,wav/900/norm/900-neu-din-b.wav,8,new_mri_vol
2016-03-09-10:31:48.926,016.008,0,wav/900/norm/900-neu-din-b.wav,9,new_mri_vol
2016-03-09-10:31:50.923,018.005,0,wav/900/norm/900-neu-din-b.wav,10,new_mri_vol
2016-03-09-10:31:52.924,020.006,0,wav/900/norm/900-neu-din-b.wav,11,new_mri_vol
2016-03-09-10:31:53.325,020.407,0,silence,11,sound_off
2016-03-09-10:31:54.922,022.005,0,silence,12,new_mri_vol
2016-03-09-10:31:55.292,022.374,1,silence,12,ring_on
2016-03-09-10:31:55.788,022.870,1,silence,12,keypress
2016-03-09-10:31:56.292,023.374,0,silence,12,ring_off
2016-03-09-10:31:56.922,024.004,0,silence,13,new_mri_vol
2016-03-09-10:31:58.924,026.006,0,silence,14,new_mri_vol
2016-03-09-10:31:59.360,026.442,0,wav/901/norm/901-hap-hlp-b.wav,14,sound_on
2016-03-09-10:32:00.925,028.008,0,wav/901/norm/901-hap-hlp-b.wav,15,new_mri_vol
2016-03-09-10:32:02.642,029.724,1,wav/901/norm/901-hap-hlp-b.wav,15,ring_on
2016-03-09-10:32:02.921,030.004,1,wav/901/norm/901-hap-hlp-b.wav,16,new_mri_vol
2016-03-09-10:32:03.066,030.148,1,wav/901/norm/901-hap-hlp-b.wav,16,keypress
2016-03-09-10:32:03.642,030.724,0,wav/901/norm/901-hap-hlp-b.wav,16,ring_off
2016-03-09-10:32:04.922,032.004,0,wav/901/norm/901-hap-hlp-b.wav,17,new_mri_vol
2016-03-09-10:32:06.923,034.005,0,wav/901/norm/901-hap-hlp-b.wav,18,new_mri_vol
2016-03-09-10:32:08.921,036.004,0,wav/901/norm/901-hap-hlp-b.wav,19,new_mri_vol
2016-03-09-10:32:09.339,036.421,0,silence,19,sound_off
2016-03-09-10:32:10.927,038.010,0,silence,20,new_mri_vol
2016-03-09-10:32:12.921,040.003,0,silence,21,new_mri_vol
2016-03-09-10:32:13.374,040.457,1,silence,21,ring_on
2016-03-09-10:32:13.804,040.886,1,silence,21,keypress
2016-03-09-10:32:14.374,041.456,0,silence,21,ring_off
2016-03-09-10:32:14.922,042.005,0,silence,22,new_mri_vol
2016-03-09-10:32:15.386,042.468,0,wav/901/norm/901-sad-chk-b.wav,22,sound_on
2016-03-09-10:32:16.925,044.008,0,wav/901/norm/901-sad-chk-b.wav,23,new_mri_vol
2016-03-09-10:32:18.624,045.706,1,wav/901/norm/901-sad-chk-b.wav,23,ring_on
2016-03-09-10:32:18.926,046.008,1,wav/901/norm/901-sad-chk-b.wav,24,new_mri_vol
2016-03-09-10:32:19.125,046.207,1,wav/901/norm/901-sad-chk-b.wav,24,keypress
2016-03-09-10:32:19.624,046.706,0,wav/901/norm/901-sad-chk-b.wav,24,ring_off
2016-03-09-10:32:20.922,048.005,0,wav/901/norm/901-sad-chk-b.wav,25,new_mri_vol
2016-03-09-10:32:22.925,050.008,0,wav/901/norm/901-sad-chk-b.wav,26,new_mri_vol
2016-03-09-10:32:24.924,052.007,0,wav/901/norm/901-sad-chk-b.wav,27,new_mri_vol
2016-03-09-10:32:25.356,052.438,0,silence,27,sound_off
2016-03-09-10:32:26.923,054.005,0,silence,28,new_mri_vol
2016-03-09-10:32:28.923,056.006,0,silence,29,new_mri_vol
2016-03-09-10:32:29.323,056.405,1,silence,29,ring_on
2016-03-09-10:32:29.773,056.855,1,silence,29,keypress
2016-03-09-10:32:30.323,057.406,0,silence,29,ring_off
2016-03-09-10:32:30.925,058.007,0,silence,30,new_mri_vol
2016-03-09-10:32:31.391,058.474,0,wav/900/norm/900-ang-hlp-b.wav,30,sound_on
2016-03-09-10:32:32.959,060.041,0,wav/900/norm/900-ang-hlp-b.wav,31,new_mri_vol
2016-03-09-10:32:34.573,061.655,1,wav/900/norm/900-ang-hlp-b.wav,31,ring_on
2016-03-09-10:32:34.925,062.007,1,wav/900/norm/900-ang-hlp-b.wav,32,new_mri_vol
2016-03-09-10:32:34.994,062.077,1,wav/900/norm/900-ang-hlp-b.wav,32,keypress
2016-03-09-10:32:35.573,062.655,0,wav/900/norm/900-ang-hlp-b.wav,32,ring_off
2016-03-09-10:32:36.924,064.006,0,wav/900/norm/900-ang-hlp-b.wav,33,new_mri_vol
2016-03-09-10:32:38.925,066.008,0,wav/900/norm/900-ang-hlp-b.wav,34,new_mri_vol
2016-03-09-10:32:40.924,068.007,0,wav/900/norm/900-ang-hlp-b.wav,35,new_mri_vol
2016-03-09-10:32:41.374,068.457,0,silence,35,sound_off
2016-03-09-10:32:42.923,070.005,0,silence,36,new_mri_vol
2016-03-09-10:32:44.925,072.008,0,silence,37,new_mri_vol
2016-03-09-10:32:45.672,072.754,1,silence,37,ring_on
2016-03-09-10:32:46.085,073.168,1,silence,37,keypress
2016-03-09-10:32:46.672,073.754,0,silence,37,ring_off
2016-03-09-10:32:46.922,074.005,0,silence,38,new_mri_vol
2016-03-09-10:32:47.415,074.498,0,wav/901/norm/901-neu-chk-b.wav,38,sound_on
2016-03-09-10:32:48.924,076.007,0,wav/901/norm/901-neu-chk-b.wav,39,new_mri_vol
2016-03-09-10:32:50.925,078.009,0,wav/901/norm/901-neu-chk-b.wav,40,new_mri_vol
2016-03-09-10:32:51.338,078.421,1,wav/901/norm/901-neu-chk-b.wav,40,ring_on
2016-03-09-10:32:51.732,078.815,1,wav/901/norm/901-neu-chk-b.wav,40,keypress
2016-03-09-10:32:52.338,079.421,0,wav/901/norm/901-neu-chk-b.wav,40,ring_off
2016-03-09-10:32:52.925,080.008,0,wav/901/norm/901-neu-chk-b.wav,41,new_mri_vol
2016-03-09-10:32:54.924,082.007,0,wav/901/norm/901-neu-chk-b.wav,42,new_mri_vol
2016-03-09-10:32:56.925,084.009,0,wav/901/norm/901-neu-chk-b.wav,43,new_mri_vol
2016-03-09-10:32:57.386,084.469,0,silence,43,sound_off
2016-03-09-10:32:58.924,086.007,0,silence,44,new_mri_vol
2016-03-09-10:32:59.504,086.587,1,silence,44,ring_on
2016-03-09-10:32:59.923,087.007,1,silence,44,keypress
2016-03-09-10:33:00.504,087.587,0,silence,44,ring_off
2016-03-09-10:33:00.927,088.011,0,silence,45,new_mri_vol
2016-03-09-10:33:02.922,090.006,0,silence,46,new_mri_vol
2016-03-09-10:33:03.424,090.507,0,wav/901/norm/901-sad-din-b.wav,46,sound_on
2016-03-09-10:33:04.922,092.006,0,wav/901/norm/901-sad-din-b.wav,47,new_mri_vol
2016-03-09-10:33:06.653,093.737,1,wav/901/norm/901-sad-din-b.wav,47,ring_on
2016-03-09-10:33:06.923,094.006,1,wav/901/norm/901-sad-din-b.wav,48,new_mri_vol
2016-03-09-10:33:07.051,094.134,1,wav/901/norm/901-sad-din-b.wav,48,keypress
2016-03-09-10:33:07.653,094.736,0,wav/901/norm/901-sad-din-b.wav,48,ring_off
2016-03-09-10:33:08.922,096.005,0,wav/901/norm/901-sad-din-b.wav,49,new_mri_vol
2016-03-09-10:33:10.925,098.008,0,wav/901/norm/901-sad-din-b.wav,50,new_mri_vol
2016-03-09-10:33:12.925,100.009,0,wav/901/norm/901-sad-din-b.wav,51,new_mri_vol
2016-03-09-10:33:13.403,100.486,0,silence,51,sound_off
2016-03-09-10:33:14.924,102.007,0,silence,52,new_mri_vol
2016-03-09-10:33:16.752,103.836,1,silence,52,ring_on
2016-03-09-10:33:16.922,104.006,1,silence,53,new_mri_vol
2016-03-09-10:33:17.196,104.280,1,silence,53,keypress
2016-03-09-10:33:17.752,104.836,0,silence,53,ring_off
2016-03-09-10:33:18.922,106.006,0,silence,54,new_mri_vol
2016-03-09-10:33:19.447,106.531,0,wav/900/norm/900-hap-tlk-b.wav,54,sound_on
2016-03-09-10:33:20.924,108.008,0,wav/900/norm/900-hap-tlk-b.wav,55,new_mri_vol
2016-03-09-10:33:22.922,110.006,0,wav/900/norm/900-hap-tlk-b.wav,56,new_mri_vol
2016-03-09-10:33:24.219,111.302,1,wav/900/norm/900-hap-tlk-b.wav,56,ring_on
2016-03-09-10:33:24.729,111.813,1,wav/900/norm/900-hap-tlk-b.wav,56,keypress
2016-03-09-10:33:24.923,112.007,1,wav/900/norm/900-hap-tlk-b.wav,57,new_mri_vol
2016-03-09-10:33:25.219,112.302,0,wav/900/norm/900-hap-tlk-b.wav,57,ring_off
2016-03-09-10:33:26.922,114.005,0,wav/900/norm/900-hap-tlk-b.wav,58,new_mri_vol
2016-03-09-10:33:28.924,116.007,0,wav/900/norm/900-hap-tlk-b.wav,59,new_mri_vol
2016-03-09-10:33:29.419,116.502,0,silence,59,sound_off
2016-03-09-10:33:30.924,118.009,0,silence,60,new_mri_vol
2016-03-09-10:33:32.001,119.085,1,silence,60,ring_on
2016-03-09-10:33:32.924,120.008,1,silence,61,new_mri_vol
2016-03-09-10:33:33.001,120.085,0,silence,61,ring_off
2016-03-09-10:33:34.571,121.655,0,silence,61,keypress
2016-03-09-10:33:34.925,122.008,0,silence,62,new_mri_vol
2016-03-09-10:33:35.453,122.537,0,wav/900/norm/900-neu-hlp-b.wav,62,sound_on
2016-03-09-10:33:36.923,124.007,0,wav/900/norm/900-neu-hlp-b.wav,63,new_mri_vol
2016-03-09-10:33:38.927,126.012,0,wav/900/norm/900-neu-hlp-b.wav,64,new_mri_vol
2016-03-09-10:33:40.928,128.012,0,wav/900/norm/900-neu-hlp-b.wav,65,new_mri_vol
2016-03-09-10:33:42.751,129.834,1,wav/900/norm/900-neu-hlp-b.wav,65,ring_on
2016-03-09-10:33:42.923,130.007,1,wav/900/norm/900-neu-hlp-b.wav,66,new_mri_vol
2016-03-09-10:33:43.084,130.169,1,wav/900/norm/900-neu-hlp-b.wav,66,keypress
2016-03-09-10:33:43.750,130.834,0,wav/900/norm/900-neu-hlp-b.wav,66,ring_off
2016-03-09-10:33:44.922,132.006,0,wav/900/norm/900-neu-hlp-b.wav,67,new_mri_vol
2016-03-09-10:33:45.434,132.518,0,silence,67,sound_off
2016-03-09-10:33:46.925,134.009,0,silence,68,new_mri_vol
2016-03-09-10:33:48.717,135.801,1,silence,68,ring_on
2016-03-09-10:33:48.926,136.010,1,silence,69,new_mri_vol
2016-03-09-10:33:49.137,136.222,1,silence,69,keypress
2016-03-09-10:33:49.717,136.801,0,silence,69,ring_off
2016-03-09-10:33:50.922,138.006,0,silence,70,new_mri_vol
2016-03-09-10:33:51.478,138.562,0,wav/901/norm/901-ang-din-b.wav,70,sound_on
2016-03-09-10:33:52.925,140.009,0,wav/901/norm/901-ang-din-b.wav,71,new_mri_vol
2016-03-09-10:33:54.923,142.007,0,wav/901/norm/901-ang-din-b.wav,72,new_mri_vol
2016-03-09-10:33:56.799,143.883,1,wav/901/norm/901-ang-din-b.wav,72,ring_on
2016-03-09-10:33:56.924,144.008,1,wav/901/norm/901-ang-din-b.wav,73,new_mri_vol
2016-03-09-10:33:57.224,144.308,1,wav/901/norm/901-ang-din-b.wav,73,keypress
2016-03-09-10:33:57.799,144.883,0,wav/901/norm/901-ang-din-b.wav,73,ring_off
2016-03-09-10:33:58.924,146.008,0,wav/901/norm/901-ang-din-b.wav,74,new_mri_vol
2016-03-09-10:34:00.925,148.009,0,wav/901/norm/901-ang-din-b.wav,75,new_mri_vol
2016-03-09-10:34:01.451,148.535,0,silence,75,sound_off
2016-03-09-10:34:02.926,150.010,0,silence,76,new_mri_vol
2016-03-09-10:34:04.923,152.007,0,silence,77,new_mri_vol
2016-03-09-10:34:05.715,152.799,1,silence,77,ring_on
2016-03-09-10:34:06.216,153.301,1,silence,77,keypress
2016-03-09-10:34:06.715,153.799,0,silence,77,ring_off
2016-03-09-10:34:06.922,154.007,0,silence,78,new_mri_vol
2016-03-09-10:34:07.485,154.569,0,wav/900/norm/900-sad-chk-b.wav,78,sound_on
2016-03-09-10:34:08.925,156.009,0,wav/900/norm/900-sad-chk-b.wav,79,new_mri_vol
2016-03-09-10:34:10.925,158.010,0,wav/900/norm/900-sad-chk-b.wav,80,new_mri_vol
2016-03-09-10:34:10.965,158.049,1,wav/900/norm/900-sad-chk-b.wav,80,ring_on
2016-03-09-10:34:11.562,158.647,1,wav/900/norm/900-sad-chk-b.wav,80,keypress
2016-03-09-10:34:11.965,159.049,0,wav/900/norm/900-sad-chk-b.wav,80,ring_off
2016-03-09-10:34:12.926,160.011,0,wav/900/norm/900-sad-chk-b.wav,81,new_mri_vol
2016-03-09-10:34:14.926,162.010,0,wav/900/norm/900-sad-chk-b.wav,82,new_mri_vol
2016-03-09-10:34:16.925,164.009,0,wav/900/norm/900-sad-chk-b.wav,83,new_mri_vol
2016-03-09-10:34:17.463,164.548,0,silence,83,sound_off
2016-03-09-10:34:18.924,166.008,0,silence,84,new_mri_vol
2016-03-09-10:34:20.923,168.007,0,silence,85,new_mri_vol
2016-03-09-10:34:21.247,168.332,1,silence,85,ring_on
2016-03-09-10:34:21.595,168.680,1,silence,85,keypress
2016-03-09-10:34:22.247,169.332,0,silence,85,ring_off
2016-03-09-10:34:22.923,170.008,0,silence,86,new_mri_vol
2016-03-09-10:34:23.508,170.593,0,wav/901/norm/901-neu-din-b.wav,86,sound_on
2016-03-09-10:34:24.927,172.011,0,wav/901/norm/901-neu-din-b.wav,87,new_mri_vol
2016-03-09-10:34:26.924,174.008,0,wav/901/norm/901-neu-din-b.wav,88,new_mri_vol
2016-03-09-10:34:28.927,176.011,0,wav/901/norm/901-neu-din-b.wav,89,new_mri_vol
2016-03-09-10:34:30.247,177.332,1,wav/901/norm/901-neu-din-b.wav,89,ring_on
2016-03-09-10:34:30.772,177.856,1,wav/901/norm/901-neu-din-b.wav,89,keypress
2016-03-09-10:34:30.926,178.010,1,wav/901/norm/901-neu-din-b.wav,90,new_mri_vol
2016-03-09-10:34:31.247,178.332,0,wav/901/norm/901-neu-din-b.wav,90,ring_off
2016-03-09-10:34:32.926,180.011,0,wav/901/norm/901-neu-din-b.wav,91,new_mri_vol
2016-03-09-10:34:33.481,180.566,0,silence,91,sound_off
2016-03-09-10:34:34.924,182.009,0,silence,92,new_mri_vol
2016-03-09-10:34:36.130,183.214,1,silence,92,ring_on
2016-03-09-10:34:36.579,183.664,1,silence,92,keypress
2016-03-09-10:34:36.925,184.010,1,silence,93,new_mri_vol
2016-03-09-10:34:37.129,184.214,0,silence,93,ring_off
2016-03-09-10:34:38.927,186.012,0,silence,94,new_mri_vol
2016-03-09-10:34:39.515,186.600,0,wav/900/norm/900-ang-tlk-b.wav,94,sound_on
2016-03-09-10:34:40.925,188.010,0,wav/900/norm/900-ang-tlk-b.wav,95,new_mri_vol
2016-03-09-10:34:42.927,190.012,0,wav/900/norm/900-ang-tlk-b.wav,96,new_mri_vol
2016-03-09-10:34:44.923,192.008,0,wav/900/norm/900-ang-tlk-b.wav,97,new_mri_vol
2016-03-09-10:34:44.962,192.047,1,wav/900/norm/900-ang-tlk-b.wav,97,ring_on
2016-03-09-10:34:45.484,192.569,1,wav/900/norm/900-ang-tlk-b.wav,97,keypress
2016-03-09-10:34:45.962,193.047,0,wav/900/norm/900-ang-tlk-b.wav,97,ring_off
2016-03-09-10:34:46.928,194.013,0,wav/900/norm/900-ang-tlk-b.wav,98,new_mri_vol
2016-03-09-10:34:48.923,196.008,0,wav/900/norm/900-ang-tlk-b.wav,99,new_mri_vol
2016-03-09-10:34:49.494,196.580,0,silence,99,sound_off
2016-03-09-10:34:50.926,198.012,0,silence,100,new_mri_vol
2016-03-09-10:34:51.228,198.313,1,silence,100,ring_on
2016-03-09-10:34:51.638,198.724,1,silence,100,keypress
2016-03-09-10:34:52.228,199.313,0,silence,100,ring_off
2016-03-09-10:34:52.928,200.013,0,silence,101,new_mri_vol
2016-03-09-10:34:54.929,202.014,0,silence,102,new_mri_vol
2016-03-09-10:34:55.538,202.624,0,wav/900/norm/900-hap-din-b.wav,102,sound_on
2016-03-09-10:34:56.927,204.013,0,wav/900/norm/900-hap-din-b.wav,103,new_mri_vol
2016-03-09-10:34:57.378,204.463,1,wav/900/norm/900-hap-din-b.wav,103,ring_on
2016-03-09-10:34:57.775,204.860,1,wav/900/norm/900-hap-din-b.wav,103,keypress
2016-03-09-10:34:58.378,205.463,0,wav/900/norm/900-hap-din-b.wav,103,ring_off
2016-03-09-10:34:58.927,206.013,0,wav/900/norm/900-hap-din-b.wav,104,new_mri_vol
2016-03-09-10:35:00.926,208.012,0,wav/900/norm/900-hap-din-b.wav,105,new_mri_vol
2016-03-09-10:35:02.924,210.010,0,wav/900/norm/900-hap-din-b.wav,106,new_mri_vol
2016-03-09-10:35:04.925,212.010,0,wav/900/norm/900-hap-din-b.wav,107,new_mri_vol
2016-03-09-10:35:05.511,212.596,0,silence,107,sound_off
2016-03-09-10:35:06.924,214.011,0,silence,108,new_mri_vol
2016-03-09-10:35:08.627,215.712,1,silence,108,ring_on
2016-03-09-10:35:08.928,216.013,1,silence,109,new_mri_vol
2016-03-09-10:35:09.001,216.086,1,silence,109,keypress
2016-03-09-10:35:09.627,216.712,0,silence,109,ring_off
2016-03-09-10:35:10.924,218.010,0,silence,110,new_mri_vol
2016-03-09-10:35:11.548,218.634,0,wav/900/norm/900-neu-chk-b.wav,110,sound_on
2016-03-09-10:35:12.924,220.009,0,wav/900/norm/900-neu-chk-b.wav,111,new_mri_vol
2016-03-09-10:35:14.924,222.009,0,wav/900/norm/900-neu-chk-b.wav,112,new_mri_vol
2016-03-09-10:35:16.924,224.009,0,wav/900/norm/900-neu-chk-b.wav,113,new_mri_vol
2016-03-09-10:35:18.476,225.561,1,wav/900/norm/900-neu-chk-b.wav,113,ring_on
2016-03-09-10:35:18.912,225.998,1,wav/900/norm/900-neu-chk-b.wav,113,keypress
2016-03-09-10:35:18.931,226.017,1,wav/900/norm/900-neu-chk-b.wav,114,new_mri_vol
2016-03-09-10:35:19.476,226.561,0,wav/900/norm/900-neu-chk-b.wav,114,ring_off
2016-03-09-10:35:20.923,228.009,0,wav/900/norm/900-neu-chk-b.wav,115,new_mri_vol
2016-03-09-10:35:21.528,228.614,0,silence,115,sound_off
2016-03-09-10:35:22.925,230.010,0,silence,116,new_mri_vol
2016-03-09-10:35:24.927,232.013,0,silence,117,new_mri_vol
2016-03-09-10:35:25.842,232.927,1,silence,117,ring_on
2016-03-09-10:35:26.633,233.719,1,silence,117,keypress
2016-03-09-10:35:26.842,233.927,0,silence,117,ring_off
2016-03-09-10:35:26.924,234.009,0,silence,118,new_mri_vol
2016-03-09-10:35:27.569,234.655,0,wav/901/norm/901-sad-tlk-b.wav,118,sound_on
2016-03-09-10:35:28.926,236.012,0,wav/901/norm/901-sad-tlk-b.wav,119,new_mri_vol
2016-03-09-10:35:29.942,237.027,1,wav/901/norm/901-sad-tlk-b.wav,119,ring_on
2016-03-09-10:35:30.666,237.752,1,wav/901/norm/901-sad-tlk-b.wav,119,keypress
2016-03-09-10:35:30.928,238.014,1,wav/901/norm/901-sad-tlk-b.wav,120,new_mri_vol
2016-03-09-10:35:30.958,238.044,0,wav/901/norm/901-sad-tlk-b.wav,120,ring_off
2016-03-09-10:35:32.926,240.012,0,wav/901/norm/901-sad-tlk-b.wav,121,new_mri_vol
2016-03-09-10:35:34.925,242.010,0,wav/901/norm/901-sad-tlk-b.wav,122,new_mri_vol
2016-03-09-10:35:36.926,244.012,0,wav/901/norm/901-sad-tlk-b.wav,123,new_mri_vol
2016-03-09-10:35:37.541,244.627,0,silence,123,sound_off
2016-03-09-10:35:38.926,246.012,0,silence,124,new_mri_vol
2016-03-09-10:35:40.774,247.860,1,silence,124,ring_on
2016-03-09-10:35:40.925,248.011,1,silence,125,new_mri_vol
2016-03-09-10:35:41.465,248.551,1,silence,125,keypress
2016-03-09-10:35:41.774,248.860,0,silence,125,ring_off
2016-03-09-10:35:42.924,250.010,0,silence,126,new_mri_vol
2016-03-09-10:35:43.578,250.665,0,wav/901/norm/901-ang-chk-b.wav,126,sound_on
2016-03-09-10:35:44.925,252.011,0,wav/901/norm/901-ang-chk-b.wav,127,new_mri_vol
2016-03-09-10:35:46.927,254.014,0,wav/901/norm/901-ang-chk-b.wav,128,new_mri_vol
2016-03-09-10:35:48.341,255.427,1,wav/901/norm/901-ang-chk-b.wav,128,ring_on
2016-03-09-10:35:48.817,255.903,1,wav/901/norm/901-ang-chk-b.wav,128,keypress
2016-03-09-10:35:48.924,256.010,1,wav/901/norm/901-ang-chk-b.wav,129,new_mri_vol
2016-03-09-10:35:49.341,256.427,0,wav/901/norm/901-ang-chk-b.wav,129,ring_off
2016-03-09-10:35:50.926,258.012,0,wav/901/norm/901-ang-chk-b.wav,130,new_mri_vol
2016-03-09-10:35:52.924,260.010,0,wav/901/norm/901-ang-chk-b.wav,131,new_mri_vol
2016-03-09-10:35:53.557,260.643,0,silence,131,sound_off
2016-03-09-10:35:54.926,262.012,0,silence,132,new_mri_vol
2016-03-09-10:35:55.123,262.209,1,silence,132,ring_on
2016-03-09-10:35:55.519,262.605,1,silence,132,keypress
2016-03-09-10:35:56.123,263.209,0,silence,132,ring_off
2016-03-09-10:35:56.925,264.011,0,silence,133,new_mri_vol
2016-03-09-10:35:58.924,266.010,0,silence,134,new_mri_vol
2016-03-09-10:35:59.601,266.687,0,wav/900/norm/900-hap-hlp-b.wav,134,sound_on
2016-03-09-10:36:00.927,268.014,0,wav/900/norm/900-hap-hlp-b.wav,135,new_mri_vol
2016-03-09-10:36:02.925,270.012,0,wav/900/norm/900-hap-hlp-b.wav,136,new_mri_vol
2016-03-09-10:36:03.422,270.509,1,wav/900/norm/900-hap-hlp-b.wav,136,ring_on
2016-03-09-10:36:03.799,270.885,1,wav/900/norm/900-hap-hlp-b.wav,136,keypress
2016-03-09-10:36:04.422,271.509,0,wav/900/norm/900-hap-hlp-b.wav,136,ring_off
2016-03-09-10:36:04.924,272.010,0,wav/900/norm/900-hap-hlp-b.wav,137,new_mri_vol
2016-03-09-10:36:06.925,274.011,0,wav/900/norm/900-hap-hlp-b.wav,138,new_mri_vol
2016-03-09-10:36:08.929,276.015,0,wav/900/norm/900-hap-hlp-b.wav,139,new_mri_vol
2016-03-09-10:36:09.575,276.661,0,silence,139,sound_off
2016-03-09-10:36:10.925,278.011,0,silence,140,new_mri_vol
2016-03-09-10:36:11.588,278.675,1,silence,140,ring_on
2016-03-09-10:36:11.958,279.045,1,silence,140,keypress
2016-03-09-10:36:12.588,279.674,0,silence,140,ring_off
2016-03-09-10:36:12.927,280.014,0,silence,141,new_mri_vol
2016-03-09-10:36:14.925,282.012,0,silence,142,new_mri_vol
2016-03-09-10:36:15.608,282.695,0,wav/901/norm/901-neu-tlk-b.wav,142,sound_on
2016-03-09-10:36:16.925,284.011,0,wav/901/norm/901-neu-tlk-b.wav,143,new_mri_vol
2016-03-09-10:36:18.926,286.012,0,wav/901/norm/901-neu-tlk-b.wav,144,new_mri_vol
2016-03-09-10:36:20.927,288.014,0,wav/901/norm/901-neu-tlk-b.wav,145,new_mri_vol
2016-03-09-10:36:22.637,289.724,1,wav/901/norm/901-neu-tlk-b.wav,145,ring_on
2016-03-09-10:36:22.926,290.012,1,wav/901/norm/901-neu-tlk-b.wav,146,new_mri_vol
2016-03-09-10:36:23.088,290.175,1,wav/901/norm/901-neu-tlk-b.wav,146,keypress
2016-03-09-10:36:23.654,290.741,0,wav/901/norm/901-neu-tlk-b.wav,146,ring_off
2016-03-09-10:36:24.926,292.012,0,wav/901/norm/901-neu-tlk-b.wav,147,new_mri_vol
2016-03-09-10:36:25.590,292.677,0,silence,147,sound_off
2016-03-09-10:36:26.925,294.011,0,silence,148,new_mri_vol
2016-03-09-10:36:28.037,295.123,1,silence,148,ring_on
2016-03-09-10:36:28.615,295.702,1,silence,148,keypress
2016-03-09-10:36:28.924,296.011,1,silence,149,new_mri_vol
2016-03-09-10:36:29.037,296.124,0,silence,149,ring_off
2016-03-09-10:36:30.927,298.013,0,silence,150,new_mri_vol
2016-03-09-10:36:31.632,298.719,0,wav/900/norm/900-sad-din-b.wav,150,sound_on
2016-03-09-10:36:32.926,300.012,0,wav/900/norm/900-sad-din-b.wav,151,new_mri_vol
2016-03-09-10:36:34.924,302.010,0,wav/900/norm/900-sad-din-b.wav,152,new_mri_vol
2016-03-09-10:36:36.803,303.890,1,wav/900/norm/900-sad-din-b.wav,152,ring_on
2016-03-09-10:36:36.923,304.010,1,wav/900/norm/900-sad-din-b.wav,153,new_mri_vol
2016-03-09-10:36:37.247,304.334,1,wav/900/norm/900-sad-din-b.wav,153,keypress
2016-03-09-10:36:37.803,304.890,0,wav/900/norm/900-sad-din-b.wav,153,ring_off
2016-03-09-10:36:38.924,306.011,0,wav/900/norm/900-sad-din-b.wav,154,new_mri_vol
2016-03-09-10:36:40.927,308.013,0,wav/900/norm/900-sad-din-b.wav,155,new_mri_vol
2016-03-09-10:36:41.605,308.692,0,silence,155,sound_off
2016-03-09-10:36:42.925,310.013,0,silence,156,new_mri_vol
2016-03-09-10:36:43.619,310.706,1,silence,156,ring_on
2016-03-09-10:36:44.039,311.126,1,silence,156,keypress
2016-03-09-10:36:44.619,311.706,0,silence,156,ring_off
2016-03-09-10:36:44.926,312.012,0,silence,157,new_mri_vol
2016-03-09-10:36:46.927,314.014,0,silence,158,new_mri_vol
2016-03-09-10:36:47.640,314.727,0,wav/901/norm/901-hap-chk-b.wav,158,sound_on
2016-03-09-10:36:48.927,316.014,0,wav/901/norm/901-hap-chk-b.wav,159,new_mri_vol
2016-03-09-10:36:50.927,318.014,0,wav/901/norm/901-hap-chk-b.wav,160,new_mri_vol
2016-03-09-10:36:52.928,320.015,0,wav/901/norm/901-hap-chk-b.wav,161,new_mri_vol
2016-03-09-10:36:53.335,320.422,1,wav/901/norm/901-hap-chk-b.wav,161,ring_on
2016-03-09-10:36:53.878,320.966,1,wav/901/norm/901-hap-chk-b.wav,161,keypress
2016-03-09-10:36:54.335,321.422,0,wav/901/norm/901-hap-chk-b.wav,161,ring_off
2016-03-09-10:36:54.925,322.012,0,wav/901/norm/901-hap-chk-b.wav,162,new_mri_vol
2016-03-09-10:36:56.927,324.014,0,wav/901/norm/901-hap-chk-b.wav,163,new_mri_vol
2016-03-09-10:36:57.620,324.707,0,silence,163,sound_off
2016-03-09-10:36:58.927,326.015,0,silence,164,new_mri_vol
2016-03-09-10:36:59.918,327.005,1,silence,164,ring_on
2016-03-09-10:37:00.408,327.495,1,silence,164,keypress
2016-03-09-10:37:00.918,328.005,0,silence,164,ring_off
2016-03-09-10:37:00.929,328.016,0,silence,165,new_mri_vol
2016-03-09-10:37:02.926,330.013,0,silence,166,new_mri_vol
2016-03-09-10:37:03.663,330.750,0,wav/900/norm/900-sad-tlk-b.wav,166,sound_on
2016-03-09-10:37:04.925,332.012,0,wav/900/norm/900-sad-tlk-b.wav,167,new_mri_vol
2016-03-09-10:37:06.926,334.014,0,wav/900/norm/900-sad-tlk-b.wav,168,new_mri_vol
2016-03-09-10:37:08.926,336.013,0,wav/900/norm/900-sad-tlk-b.wav,169,new_mri_vol
2016-03-09-10:37:09.717,336.805,1,wav/900/norm/900-sad-tlk-b.wav,169,ring_on
2016-03-09-10:37:10.112,337.200,1,wav/900/norm/900-sad-tlk-b.wav,169,keypress
2016-03-09-10:37:10.717,337.805,0,wav/900/norm/900-sad-tlk-b.wav,169,ring_off
2016-03-09-10:37:10.924,338.011,0,wav/900/norm/900-sad-tlk-b.wav,170,new_mri_vol
2016-03-09-10:37:12.927,340.014,0,wav/900/norm/900-sad-tlk-b.wav,171,new_mri_vol
2016-03-09-10:37:13.636,340.724,0,silence,171,sound_off
2016-03-09-10:37:14.928,342.016,0,silence,172,new_mri_vol
2016-03-09-10:37:16.927,344.014,0,silence,173,new_mri_vol
2016-03-09-10:37:17.233,344.320,1,silence,173,ring_on
2016-03-09-10:37:17.855,344.943,1,silence,173,keypress
2016-03-09-10:37:18.233,345.320,0,silence,173,ring_off
2016-03-09-10:37:18.925,346.012,0,silence,174,new_mri_vol
2016-03-09-10:37:19.670,346.758,0,wav/900/norm/900-ang-chk-b.wav,174,sound_on
2016-03-09-10:37:20.928,348.016,0,wav/900/norm/900-ang-chk-b.wav,175,new_mri_vol
2016-03-09-10:37:22.924,350.012,0,wav/900/norm/900-ang-chk-b.wav,176,new_mri_vol
2016-03-09-10:37:24.927,352.014,0,wav/900/norm/900-ang-chk-b.wav,177,new_mri_vol
2016-03-09-10:37:26.399,353.487,1,wav/900/norm/900-ang-chk-b.wav,177,ring_on
2016-03-09-10:37:26.846,353.933,1,wav/900/norm/900-ang-chk-b.wav,177,keypress
2016-03-09-10:37:26.925,354.013,1,wav/900/norm/900-ang-chk-b.wav,178,new_mri_vol
2016-03-09-10:37:27.382,354.470,0,wav/900/norm/900-ang-chk-b.wav,178,ring_off
2016-03-09-10:37:28.927,356.014,0,wav/900/norm/900-ang-chk-b.wav,179,new_mri_vol
2016-03-09-10:37:29.653,356.741,0,silence,179,sound_off
2016-03-09-10:37:30.927,358.015,0,silence,180,new_mri_vol
2016-03-09-10:37:32.515,359.603,1,silence,180,ring_on
2016-03-09-10:37:32.927,360.014,1,silence,181,new_mri_vol
2016-03-09-10:37:33.081,360.168,1,silence,181,keypress
2016-03-09-10:37:33.515,360.603,0,silence,181,ring_off
2016-03-09-10:37:34.928,362.016,0,silence,182,new_mri_vol
2016-03-09-10:37:35.693,362.781,0,wav/900/norm/900-neu-tlk-b.wav,182,sound_on
2016-03-09-10:37:36.924,364.012,0,wav/900/norm/900-neu-tlk-b.wav,183,new_mri_vol
2016-03-09-10:37:37.748,364.836,1,wav/900/norm/900-neu-tlk-b.wav,183,ring_on
2016-03-09-10:37:38.390,365.478,1,wav/900/norm/900-neu-tlk-b.wav,183,keypress
2016-03-09-10:37:38.748,365.836,0,wav/900/norm/900-neu-tlk-b.wav,183,ring_off
2016-03-09-10:37:38.928,366.016,0,wav/900/norm/900-neu-tlk-b.wav,184,new_mri_vol
2016-03-09-10:37:40.926,368.014,0,wav/900/norm/900-neu-tlk-b.wav,185,new_mri_vol
2016-03-09-10:37:42.925,370.013,0,wav/900/norm/900-neu-tlk-b.wav,186,new_mri_vol
2016-03-09-10:37:44.927,372.015,0,wav/900/norm/900-neu-tlk-b.wav,187,new_mri_vol
2016-03-09-10:37:45.668,372.756,0,silence,187,sound_off
2016-03-09-10:37:46.926,374.013,0,silence,188,new_mri_vol
2016-03-09-10:37:47.864,374.952,1,silence,188,ring_on
2016-03-09-10:37:48.240,375.328,1,silence,188,keypress
2016-03-09-10:37:48.864,375.952,0,silence,188,ring_off
2016-03-09-10:37:48.924,376.011,0,silence,189,new_mri_vol
2016-03-09-10:37:50.925,378.013,0,silence,190,new_mri_vol
2016-03-09-10:37:51.703,378.791,0,wav/900/norm/900-hap-chk-b.wav,190,sound_on
2016-03-09-10:37:52.927,380.015,0,wav/900/norm/900-hap-chk-b.wav,191,new_mri_vol
2016-03-09-10:37:54.927,382.015,0,wav/900/norm/900-hap-chk-b.wav,192,new_mri_vol
2016-03-09-10:37:56.926,384.014,0,wav/900/norm/900-hap-chk-b.wav,193,new_mri_vol
2016-03-09-10:37:58.928,386.016,0,wav/900/norm/900-hap-chk-b.wav,194,new_mri_vol
2016-03-09-10:37:59.580,386.668,1,wav/900/norm/900-hap-chk-b.wav,194,ring_on
2016-03-09-10:38:00.327,387.415,1,wav/900/norm/900-hap-chk-b.wav,194,keypress
2016-03-09-10:38:00.580,387.668,0,wav/900/norm/900-hap-chk-b.wav,194,ring_off
2016-03-09-10:38:00.929,388.017,0,wav/900/norm/900-hap-chk-b.wav,195,new_mri_vol
2016-03-09-10:38:01.682,388.770,0,silence,195,sound_off
2016-03-09-10:38:02.926,390.014,0,silence,196,new_mri_vol
2016-03-09-10:38:03.663,390.751,1,silence,196,ring_on
2016-03-09-10:38:04.068,391.157,1,silence,196,keypress
2016-03-09-10:38:04.663,391.751,0,silence,196,ring_off
2016-03-09-10:38:04.925,392.013,0,silence,197,new_mri_vol
2016-03-09-10:38:06.925,394.014,0,silence,198,new_mri_vol
2016-03-09-10:38:07.724,394.813,0,wav/900/norm/900-ang-din-b.wav,198,sound_on
2016-03-09-10:38:08.926,396.014,0,wav/900/norm/900-ang-din-b.wav,199,new_mri_vol
2016-03-09-10:38:10.927,398.015,0,wav/900/norm/900-ang-din-b.wav,200,new_mri_vol
2016-03-09-10:38:12.929,400.018,0,wav/900/norm/900-ang-din-b.wav,201,new_mri_vol
2016-03-09-10:38:14.927,402.015,0,wav/900/norm/900-ang-din-b.wav,202,new_mri_vol
2016-03-09-10:38:14.978,402.067,1,wav/900/norm/900-ang-din-b.wav,202,ring_on
2016-03-09-10:38:15.381,402.470,1,wav/900/norm/900-ang-din-b.wav,202,keypress
2016-03-09-10:38:15.978,403.067,0,wav/900/norm/900-ang-din-b.wav,202,ring_off
2016-03-09-10:38:16.925,404.014,0,wav/900/norm/900-ang-din-b.wav,203,new_mri_vol
2016-03-09-10:38:17.700,404.788,0,silence,203,sound_off
2016-03-09-10:38:18.925,406.014,0,silence,204,new_mri_vol
2016-03-09-10:38:20.828,407.916,1,silence,204,ring_on
2016-03-09-10:38:20.926,408.015,1,silence,205,new_mri_vol
2016-03-09-10:38:21.613,408.702,1,silence,205,keypress
2016-03-09-10:38:21.828,408.916,0,silence,205,ring_off
2016-03-09-10:38:22.925,410.013,0,silence,206,new_mri_vol
2016-03-09-10:38:23.732,410.821,0,wav/901/norm/901-neu-hlp-b.wav,206,sound_on
2016-03-09-10:38:24.928,412.017,0,wav/901/norm/901-neu-hlp-b.wav,207,new_mri_vol
2016-03-09-10:38:26.927,414.016,0,wav/901/norm/901-neu-hlp-b.wav,208,new_mri_vol
2016-03-09-10:38:28.926,416.014,0,wav/901/norm/901-neu-hlp-b.wav,209,new_mri_vol
2016-03-09-10:38:30.927,418.016,0,wav/901/norm/901-neu-hlp-b.wav,210,new_mri_vol
2016-03-09-10:38:32.177,419.266,1,wav/901/norm/901-neu-hlp-b.wav,210,ring_on
2016-03-09-10:38:32.548,419.636,1,wav/901/norm/901-neu-hlp-b.wav,210,keypress
2016-03-09-10:38:32.926,420.014,1,wav/901/norm/901-neu-hlp-b.wav,211,new_mri_vol
2016-03-09-10:38:33.177,420.266,0,wav/901/norm/901-neu-hlp-b.wav,211,ring_off
2016-03-09-10:38:33.715,420.803,0,silence,211,sound_off
2016-03-09-10:38:34.925,422.014,0,silence,212,new_mri_vol
2016-03-09-10:38:35.460,422.549,1,silence,212,ring_on
2016-03-09-10:38:36.174,423.263,1,silence,212,keypress
2016-03-09-10:38:36.460,423.549,0,silence,212,ring_off
2016-03-09-10:38:36.926,424.014,0,silence,213,new_mri_vol
2016-03-09-10:38:38.929,426.018,0,silence,214,new_mri_vol
2016-03-09-10:38:39.755,426.845,0,wav/901/norm/901-ang-tlk-b.wav,214,sound_on
2016-03-09-10:38:40.930,428.019,0,wav/901/norm/901-ang-tlk-b.wav,215,new_mri_vol
2016-03-09-10:38:42.929,430.018,0,wav/901/norm/901-ang-tlk-b.wav,216,new_mri_vol
2016-03-09-10:38:44.326,431.415,1,wav/901/norm/901-ang-tlk-b.wav,216,ring_on
2016-03-09-10:38:44.748,431.837,1,wav/901/norm/901-ang-tlk-b.wav,216,keypress
2016-03-09-10:38:44.928,432.017,1,wav/901/norm/901-ang-tlk-b.wav,217,new_mri_vol
2016-03-09-10:38:45.326,432.415,0,wav/901/norm/901-ang-tlk-b.wav,217,ring_off
2016-03-09-10:38:46.926,434.015,0,wav/901/norm/901-ang-tlk-b.wav,218,new_mri_vol
2016-03-09-10:38:48.927,436.016,0,wav/901/norm/901-ang-tlk-b.wav,219,new_mri_vol
2016-03-09-10:38:49.729,436.818,0,silence,219,sound_off
2016-03-09-10:38:50.929,438.018,0,silence,220,new_mri_vol
2016-03-09-10:38:51.576,438.665,1,silence,220,ring_on
2016-03-09-10:38:52.027,439.117,1,silence,220,keypress
2016-03-09-10:38:52.576,439.664,0,silence,220,ring_off
2016-03-09-10:38:52.926,440.015,0,silence,221,new_mri_vol
2016-03-09-10:38:54.927,442.017,0,silence,222,new_mri_vol
2016-03-09-10:38:55.764,442.853,0,wav/900/norm/900-sad-hlp-b.wav,222,sound_on
2016-03-09-10:38:56.929,444.018,0,wav/900/norm/900-sad-hlp-b.wav,223,new_mri_vol
2016-03-09-10:38:58.928,446.018,0,wav/900/norm/900-sad-hlp-b.wav,224,new_mri_vol
2016-03-09-10:39:00.929,448.019,0,wav/900/norm/900-sad-hlp-b.wav,225,new_mri_vol
2016-03-09-10:39:02.928,450.017,0,wav/900/norm/900-sad-hlp-b.wav,226,new_mri_vol
2016-03-09-10:39:03.975,451.064,1,wav/900/norm/900-sad-hlp-b.wav,226,ring_on
2016-03-09-10:39:04.564,451.653,1,wav/900/norm/900-sad-hlp-b.wav,226,keypress
2016-03-09-10:39:04.925,452.014,1,wav/900/norm/900-sad-hlp-b.wav,227,new_mri_vol
2016-03-09-10:39:04.974,452.063,0,wav/900/norm/900-sad-hlp-b.wav,227,ring_off
2016-03-09-10:39:05.745,452.834,0,silence,227,sound_off
2016-03-09-10:39:06.928,454.017,0,silence,228,new_mri_vol
2016-03-09-10:39:07.274,454.363,1,silence,228,ring_on
2016-03-09-10:39:07.764,454.854,1,silence,228,keypress
2016-03-09-10:39:08.274,455.364,0,silence,228,ring_off
2016-03-09-10:39:08.927,456.016,0,silence,229,new_mri_vol
2016-03-09-10:39:10.926,458.016,0,silence,230,new_mri_vol
2016-03-09-10:39:11.788,458.877,0,wav/901/norm/901-hap-tlk-b.wav,230,sound_on
2016-03-09-10:39:12.925,460.014,0,wav/901/norm/901-hap-tlk-b.wav,231,new_mri_vol
2016-03-09-10:39:14.926,462.016,0,wav/901/norm/901-hap-tlk-b.wav,232,new_mri_vol
2016-03-09-10:39:16.929,464.019,0,wav/901/norm/901-hap-tlk-b.wav,233,new_mri_vol
2016-03-09-10:39:18.673,465.763,1,wav/901/norm/901-hap-tlk-b.wav,233,ring_on
2016-03-09-10:39:18.926,466.016,1,wav/901/norm/901-hap-tlk-b.wav,234,new_mri_vol
2016-03-09-10:39:19.123,466.212,1,wav/901/norm/901-hap-tlk-b.wav,234,keypress
2016-03-09-10:39:19.690,466.780,0,wav/901/norm/901-hap-tlk-b.wav,234,ring_off
2016-03-09-10:39:20.928,468.017,0,wav/901/norm/901-hap-tlk-b.wav,235,new_mri_vol
2016-03-09-10:39:21.762,468.852,0,silence,235,sound_off
2016-03-09-10:39:22.929,470.018,0,silence,236,new_mri_vol
2016-03-09-10:39:24.929,472.018,0,silence,237,new_mri_vol
2016-03-09-10:39:25.739,472.829,1,silence,237,ring_on
2016-03-09-10:39:26.155,473.245,1,silence,237,keypress
2016-03-09-10:39:26.740,473.829,0,silence,237,ring_off
2016-03-09-10:39:26.926,474.016,0,silence,238,new_mri_vol
2016-03-09-10:39:27.795,474.885,0,wav/901/norm/901-ang-hlp-b.wav,238,sound_on
2016-03-09-10:39:28.926,476.016,0,wav/901/norm/901-ang-hlp-b.wav,239,new_mri_vol
2016-03-09-10:39:30.930,478.020,0,wav/901/norm/901-ang-hlp-b.wav,240,new_mri_vol
2016-03-09-10:39:32.928,480.017,0,wav/901/norm/901-ang-hlp-b.wav,241,new_mri_vol
2016-03-09-10:39:34.925,482.015,0,wav/901/norm/901-ang-hlp-b.wav,242,new_mri_vol
2016-03-09-10:39:35.355,482.445,1,wav/901/norm/901-ang-hlp-b.wav,242,ring_on
2016-03-09-10:39:36.229,483.319,1,wav/901/norm/901-ang-hlp-b.wav,242,keypress
2016-03-09-10:39:36.355,483.445,0,wav/901/norm/901-ang-hlp-b.wav,242,ring_off
2016-03-09-10:39:36.927,484.017,0,wav/901/norm/901-ang-hlp-b.wav,243,new_mri_vol
2016-03-09-10:39:37.779,484.869,0,silence,243,sound_off
2016-03-09-10:39:38.925,486.014,0,silence,244,new_mri_vol
2016-03-09-10:39:39.538,486.628,1,silence,244,ring_on
2016-03-09-10:39:40.092,487.181,1,silence,244,keypress
2016-03-09-10:39:40.538,487.628,0,silence,244,ring_off
2016-03-09-10:39:40.926,488.016,0,silence,245,new_mri_vol
2016-03-09-10:39:42.926,490.016,0,silence,246,new_mri_vol
2016-03-09-10:39:43.818,490.908,0,wav/901/norm/901-hap-din-b.wav,246,sound_on
2016-03-09-10:39:44.928,492.018,0,wav/901/norm/901-hap-din-b.wav,247,new_mri_vol
2016-03-09-10:39:46.929,494.019,0,wav/901/norm/901-hap-din-b.wav,248,new_mri_vol
2016-03-09-10:39:48.088,495.177,1,wav/901/norm/901-hap-din-b.wav,248,ring_on
2016-03-09-10:39:48.540,495.630,1,wav/901/norm/901-hap-din-b.wav,248,keypress
2016-03-09-10:39:48.925,496.015,1,wav/901/norm/901-hap-din-b.wav,249,new_mri_vol
2016-03-09-10:39:49.088,496.178,0,wav/901/norm/901-hap-din-b.wav,249,ring_off
2016-03-09-10:39:50.927,498.018,0,wav/901/norm/901-hap-din-b.wav,250,new_mri_vol
2016-03-09-10:39:52.927,500.018,0,wav/901/norm/901-hap-din-b.wav,251,new_mri_vol
2016-03-09-10:39:53.792,500.882,0,silence,251,sound_off
2016-03-09-10:39:54.929,502.019,0,silence,252,new_mri_vol
2016-03-09-10:39:56.087,503.177,1,silence,252,ring_on
2016-03-09-10:39:56.928,504.018,1,silence,253,new_mri_vol
2016-03-09-10:39:57.087,504.177,0,silence,253,ring_off
2016-03-09-10:39:57.909,504.999,0,silence,253,keypress
2016-03-09-10:39:58.926,506.017,0,silence,254,new_mri_vol
2016-03-09-10:39:59.826,506.916,0,wav/901/norm/901-sad-hlp-b.wav,254,sound_on
2016-03-09-10:40:00.929,508.020,0,wav/901/norm/901-sad-hlp-b.wav,255,new_mri_vol
2016-03-09-10:40:02.927,510.017,0,wav/901/norm/901-sad-hlp-b.wav,256,new_mri_vol
2016-03-09-10:40:04.929,512.020,0,wav/901/norm/901-sad-hlp-b.wav,257,new_mri_vol
2016-03-09-10:40:06.903,513.993,1,wav/901/norm/901-sad-hlp-b.wav,257,ring_on
2016-03-09-10:40:06.930,514.021,1,wav/901/norm/901-sad-hlp-b.wav,258,new_mri_vol
2016-03-09-10:40:07.322,514.413,1,wav/901/norm/901-sad-hlp-b.wav,258,keypress
2016-03-09-10:40:07.903,514.993,0,wav/901/norm/901-sad-hlp-b.wav,258,ring_off
2016-03-09-10:40:08.927,516.017,0,wav/901/norm/901-sad-hlp-b.wav,259,new_mri_vol
2016-03-09-10:40:09.807,516.897,0,silence,259,sound_off
2016-03-09-10:40:10.929,518.020,0,silence,260,new_mri_vol
2016-03-09-10:40:12.619,519.709,1,silence,260,ring_on
2016-03-09-10:40:12.929,520.019,1,silence,261,new_mri_vol
2016-03-09-10:40:13.052,520.142,1,silence,261,keypress
2016-03-09-10:40:13.619,520.709,0,silence,261,ring_off
2016-03-09-10:40:14.927,522.018,0,silence,262,new_mri_vol
2016-03-09-10:40:15.850,522.941,0,wav/900/norm/900-neu-din-b.wav,262,sound_on
2016-03-09-10:40:16.927,524.017,0,wav/900/norm/900-neu-din-b.wav,263,new_mri_vol
2016-03-09-10:40:18.928,526.018,0,wav/900/norm/900-neu-din-b.wav,264,new_mri_vol
2016-03-09-10:40:20.932,528.022,0,wav/900/norm/900-neu-din-b.wav,265,new_mri_vol
2016-03-09-10:40:22.927,530.017,0,wav/900/norm/900-neu-din-b.wav,266,new_mri_vol
2016-03-09-10:40:23.685,530.775,1,wav/900/norm/900-neu-din-b.wav,266,ring_on
2016-03-09-10:40:24.181,531.272,1,wav/900/norm/900-neu-din-b.wav,266,keypress
2016-03-09-10:40:24.685,531.775,0,wav/900/norm/900-neu-din-b.wav,266,ring_off
2016-03-09-10:40:24.930,532.021,0,wav/900/norm/900-neu-din-b.wav,267,new_mri_vol
2016-03-09-10:40:25.822,532.912,0,silence,267,sound_off
2016-03-09-10:40:26.925,534.015,0,silence,268,new_mri_vol
2016-03-09-10:40:27.884,534.975,1,silence,268,ring_on
2016-03-09-10:40:28.284,535.374,1,silence,268,keypress
2016-03-09-10:40:28.884,535.975,0,silence,268,ring_off
2016-03-09-10:40:28.928,536.018,0,silence,269,new_mri_vol
